Complexity,Loss,Equation
2,0.019848611,"sin(0.20455289)"
3,1.1892091e-15,"0.110000014 * x1"
4,1.3843266e-16,"neg(-0.11 * x1)"
